Date	Fuel Probe 1 volume in tank	FUEL 1	TOTAL	DIFF
12/10/2023 00:01:04	715.1 [lit]	715.1 	715.1 	#VALUE!
12/10/2023 00:03:05	715.1 [lit]	715.1 	715.1 	0
12/10/2023 00:05:05	715.1 [lit]	715.1 	715.1 	0
12/10/2023 00:07:05	715.1 [lit]	715.1 	715.1 	0
12/10/2023 00:09:05	715.1 [lit]	715.1 	715.1 	0
12/10/2023 00:11:07	715.1 [lit]	715.1 	715.1 	0
12/10/2023 00:13:06	715.1 [lit]	715.1 	715.1 	0
12/10/2023 00:15:06	715.1 [lit]	715.1 	715.1 	0
12/10/2023 00:17:07	715.1 [lit]	715.1 	715.1 	0
12/10/2023 00:19:08	715.1 [lit]	715.1 	715.1 	0
12/10/2023 00:21:08	715.1 [lit]	715.1 	715.1 	0
12/10/2023 00:23:08	715.1 [lit]	715.1 	715.1 	0
12/10/2023 00:25:09	715.1 [lit]	715.1 	715.1 	0
12/10/2023 00:27:10	715.1 [lit]	715.1 	715.1 	0
12/10/2023 00:29:10	715.1 [lit]	715.1 	715.1 	0
12/10/2023 00:31:10	715.1 [lit]	715.1 	715.1 	0
12/10/2023 00:33:10	715.1 [lit]	715.1 	715.1 	0
12/10/2023 00:35:11	715.1 [lit]	715.1 	715.1 	0
12/10/2023 00:37:10	715.1 [lit]	715.1 	715.1 	0
12/10/2023 00:39:11	715.1 [lit]	715.1 	715.1 	0
12/10/2023 00:41:24	715.1 [lit]	715.1 	715.1 	0
12/10/2023 00:43:13	715.1 [lit]	715.1 	715.1 	0
12/10/2023 00:47:12	715.1 [lit]	715.1 	715.1 	0
12/10/2023 00:49:13	715.1 [lit]	715.1 	715.1 	0
12/10/2023 00:51:14	715.1 [lit]	715.1 	715.1 	0
12/10/2023 00:53:15	715.1 [lit]	715.1 	715.1 	0
12/10/2023 00:55:15	715.1 [lit]	715.1 	715.1 	0
12/10/2023 00:57:14	715.1 [lit]	715.1 	715.1 	0
12/10/2023 00:59:15	715.1 [lit]	715.1 	715.1 	0
12/10/2023 01:01:15	715.1 [lit]	715.1 	715.1 	0
12/10/2023 01:03:16	715.1 [lit]	715.1 	715.1 	0
12/10/2023 01:05:17	715.1 [lit]	715.1 	715.1 	0
12/10/2023 01:07:17	715.1 [lit]	715.1 	715.1 	0
12/10/2023 01:09:17	715.1 [lit]	715.1 	715.1 	0
12/10/2023 01:11:17	715.1 [lit]	715.1 	715.1 	0
12/10/2023 01:13:18	715.1 [lit]	715.1 	715.1 	0
12/10/2023 01:15:18	715.1 [lit]	715.1 	715.1 	0
12/10/2023 01:17:18	715.1 [lit]	715.1 	715.1 	0
12/10/2023 01:19:19	715.1 [lit]	715.1 	715.1 	0
12/10/2023 01:21:19	715.1 [lit]	715.1 	715.1 	0
12/10/2023 01:23:20	715.1 [lit]	715.1 	715.1 	0
12/10/2023 01:25:20	715.1 [lit]	715.1 	715.1 	0
12/10/2023 01:27:20	715.1 [lit]	715.1 	715.1 	0
12/10/2023 01:29:21	715.1 [lit]	715.1 	715.1 	0
12/10/2023 01:31:22	715.1 [lit]	715.1 	715.1 	0
12/10/2023 01:33:21	715.1 [lit]	715.1 	715.1 	0
12/10/2023 01:35:21	715.1 [lit]	715.1 	715.1 	0
12/10/2023 01:37:21	715.1 [lit]	715.1 	715.1 	0
12/10/2023 01:39:23	715.1 [lit]	715.1 	715.1 	0
12/10/2023 01:41:23	715.1 [lit]	715.1 	715.1 	0
12/10/2023 01:43:24	715.1 [lit]	715.1 	715.1 	0
12/10/2023 01:45:23	715.1 [lit]	715.1 	715.1 	0
12/10/2023 01:47:24	715.1 [lit]	715.1 	715.1 	0
12/10/2023 01:49:24	715.1 [lit]	715.1 	715.1 	0
12/10/2023 01:51:26	715.1 [lit]	715.1 	715.1 	0
12/10/2023 01:53:25	715.1 [lit]	715.1 	715.1 	0
12/10/2023 01:55:26	715.1 [lit]	715.1 	715.1 	0
12/10/2023 01:57:26	715.1 [lit]	715.1 	715.1 	0
12/10/2023 01:59:27	715.1 [lit]	715.1 	715.1 	0
12/10/2023 02:01:26	715.1 [lit]	715.1 	715.1 	0
12/10/2023 02:03:28	715.1 [lit]	715.1 	715.1 	0
12/10/2023 02:05:28	715.1 [lit]	715.1 	715.1 	0
12/10/2023 02:07:27	715.1 [lit]	715.1 	715.1 	0
12/10/2023 02:09:28	715.1 [lit]	715.1 	715.1 	0
12/10/2023 02:11:28	715.1 [lit]	715.1 	715.1 	0
12/10/2023 02:13:29	715.1 [lit]	715.1 	715.1 	0
12/10/2023 02:15:30	715.1 [lit]	715.1 	715.1 	0
12/10/2023 02:17:30	715.1 [lit]	715.1 	715.1 	0
12/10/2023 02:19:30	715.1 [lit]	715.1 	715.1 	0
12/10/2023 02:21:31	715.1 [lit]	715.1 	715.1 	0
12/10/2023 02:23:32	715.1 [lit]	715.1 	715.1 	0
12/10/2023 02:25:31	715.1 [lit]	715.1 	715.1 	0
12/10/2023 02:27:32	715.1 [lit]	715.1 	715.1 	0
12/10/2023 02:29:33	715.1 [lit]	715.1 	715.1 	0
12/10/2023 02:31:33	715.1 [lit]	715.1 	715.1 	0
12/10/2023 02:33:33	715.1 [lit]	715.1 	715.1 	0
12/10/2023 02:35:33	715.1 [lit]	715.1 	715.1 	0
12/10/2023 02:37:34	715.1 [lit]	715.1 	715.1 	0
12/10/2023 02:39:35	715.1 [lit]	715.1 	715.1 	0
12/10/2023 02:41:34	715.1 [lit]	715.1 	715.1 	0
12/10/2023 02:43:35	715.1 [lit]	715.1 	715.1 	0
12/10/2023 02:45:35	715.1 [lit]	715.1 	715.1 	0
12/10/2023 02:47:36	715.1 [lit]	715.1 	715.1 	0
12/10/2023 02:49:39	715.1 [lit]	715.1 	715.1 	0
12/10/2023 02:51:37	715.1 [lit]	715.1 	715.1 	0
12/10/2023 02:53:37	715.1 [lit]	715.1 	715.1 	0
12/10/2023 02:55:38	715.1 [lit]	715.1 	715.1 	0
12/10/2023 02:57:37	715.1 [lit]	715.1 	715.1 	0
12/10/2023 02:59:38	715.1 [lit]	715.1 	715.1 	0
12/10/2023 03:01:38	715.1 [lit]	715.1 	715.1 	0
12/10/2023 03:03:39	715.1 [lit]	715.1 	715.1 	0
12/10/2023 03:05:39	715.1 [lit]	715.1 	715.1 	0
12/10/2023 03:07:39	715.1 [lit]	715.1 	715.1 	0
12/10/2023 03:09:40	715.1 [lit]	715.1 	715.1 	0
12/10/2023 03:11:40	715.1 [lit]	715.1 	715.1 	0
12/10/2023 03:13:41	715.1 [lit]	715.1 	715.1 	0
12/10/2023 03:15:42	715.1 [lit]	715.1 	715.1 	0
12/10/2023 03:17:41	715.1 [lit]	715.1 	715.1 	0
12/10/2023 03:19:43	715.1 [lit]	715.1 	715.1 	0
12/10/2023 03:21:42	715.1 [lit]	715.1 	715.1 	9
12/10/2023 03:23:43	715.1 [lit]	715.1 	715.1 	0
12/10/2023 03:25:43	715.1 [lit]	715.1 	715.1 	0
12/10/2023 03:27:43	715.1 [lit]	715.1 	715.1 	0
12/10/2023 03:29:44	715.1 [lit]	715.1 	715.1 	0
12/10/2023 03:31:44	715.1 [lit]	715.1 	715.1 	0
12/10/2023 03:33:44	715.1 [lit]	715.1 	715.1 	0
12/10/2023 03:35:46	715.1 [lit]	715.1 	715.1 	0
12/10/2023 03:37:45	715.1 [lit]	715.1 	715.1 	0
12/10/2023 03:39:45	715.1 [lit]	715.1 	715.1 	0
12/10/2023 03:41:47	715.1 [lit]	715.1 	715.1 	0
12/10/2023 03:43:51	715.1 [lit]	715.1 	715.1 	0
12/10/2023 03:45:47	715.1 [lit]	715.1 	715.1 	0
12/10/2023 03:47:47	715.1 [lit]	715.1 	715.1 	0
12/10/2023 03:49:47	715.1 [lit]	715.1 	715.1 	0
12/10/2023 03:51:47	715.1 [lit]	715.1 	715.1 	0
12/10/2023 03:53:49	715.1 [lit]	715.1 	715.1 	0
12/10/2023 03:55:49	715.1 [lit]	715.1 	715.1 	0
12/10/2023 03:57:48	715.1 [lit]	715.1 	715.1 	0
12/10/2023 03:59:49	715.1 [lit]	715.1 	715.1 	0
12/10/2023 04:01:50	715.1 [lit]	715.1 	715.1 	0
12/10/2023 04:03:50	715.1 [lit]	715.1 	715.1 	0
12/10/2023 04:05:51	715.1 [lit]	715.1 	715.1 	0
12/10/2023 04:07:51	715.1 [lit]	715.1 	715.1 	0
12/10/2023 04:09:51	715.1 [lit]	715.1 	715.1 	0
12/10/2023 04:11:51	715.1 [lit]	715.1 	715.1 	0
12/10/2023 04:13:52	715.1 [lit]	715.1 	715.1 	0
12/10/2023 04:15:52	715.1 [lit]	715.1 	715.1 	0
12/10/2023 04:17:53	715.1 [lit]	715.1 	715.1 	0
12/10/2023 04:19:53	715.1 [lit]	715.1 	715.1 	0
12/10/2023 04:21:53	715.1 [lit]	715.1 	715.1 	0
12/10/2023 04:23:54	715.1 [lit]	715.1 	715.1 	0
12/10/2023 04:25:54	715.1 [lit]	715.1 	715.1 	0
12/10/2023 04:27:55	715.1 [lit]	715.1 	715.1 	0
12/10/2023 04:29:55	715.1 [lit]	715.1 	715.1 	0
12/10/2023 04:31:55	715.1 [lit]	715.1 	715.1 	0
12/10/2023 04:33:56	715.1 [lit]	715.1 	715.1 	0
12/10/2023 04:35:56	715.1 [lit]	715.1 	715.1 	0
12/10/2023 04:37:57	715.1 [lit]	715.1 	715.1 	0
12/10/2023 04:39:57	715.1 [lit]	715.1 	715.1 	0
12/10/2023 04:41:56	715.1 [lit]	715.1 	715.1 	0
12/10/2023 04:44:11	715.1 [lit]	715.1 	715.1 	0
12/10/2023 04:45:58	715.1 [lit]	715.1 	715.1 	0
12/10/2023 04:47:58	715.1 [lit]	715.1 	715.1 	0
12/10/2023 04:49:58	715.1 [lit]	715.1 	715.1 	0
12/10/2023 04:51:59	715.1 [lit]	715.1 	715.1 	0
12/10/2023 04:53:59	715.1 [lit]	715.1 	715.1 	0
12/10/2023 04:55:59	715.1 [lit]	715.1 	715.1 	0
12/10/2023 04:57:59	715.1 [lit]	715.1 	715.1 	0
12/10/2023 05:00:00	715.1 [lit]	715.1 	715.1 	0
12/10/2023 05:02:01	715.1 [lit]	715.1 	715.1 	0
12/10/2023 05:04:00	715.4 [lit]	715.4 	715.4 	0.3
12/10/2023 05:06:01	715.1 [lit]	715.1 	715.1 	-0.3
12/10/2023 05:08:02	715.1 [lit]	715.1 	715.1 	0
12/10/2023 05:10:01	715.4 [lit]	715.4 	715.4 	0.3
12/10/2023 05:12:03	715.4 [lit]	715.4 	715.4 	0
12/10/2023 05:14:03	715.4 [lit]	715.4 	715.4 	0
12/10/2023 05:16:03	715.4 [lit]	715.4 	715.4 	0
12/10/2023 05:18:03	715.4 [lit]	715.4 	715.4 	0
12/10/2023 05:20:04	715.4 [lit]	715.4 	715.4 	0
12/10/2023 05:22:05	715.4 [lit]	715.4 	715.4 	0
12/10/2023 05:24:05	715.4 [lit]	715.4 	715.4 	0
12/10/2023 05:26:04	715.4 [lit]	715.4 	715.4 	0
12/10/2023 05:28:05	715.4 [lit]	715.4 	715.4 	0
12/10/2023 05:30:06	715.4 [lit]	715.4 	715.4 	0
12/10/2023 05:32:06	715.4 [lit]	715.4 	715.4 	0
12/10/2023 05:34:07	715.4 [lit]	715.4 	715.4 	0
12/10/2023 05:36:06	715.4 [lit]	715.4 	715.4 	0
12/10/2023 05:38:07	715.4 [lit]	715.4 	715.4 	0
12/10/2023 05:40:07	715.4 [lit]	715.4 	715.4 	0
12/10/2023 05:42:07	715.4 [lit]	715.4 	715.4 	0
12/10/2023 05:44:08	715.4 [lit]	715.4 	715.4 	0
12/10/2023 05:46:09	715.4 [lit]	715.4 	715.4 	0
12/10/2023 05:48:08	715.4 [lit]	715.4 	715.4 	0
12/10/2023 05:50:09	715.4 [lit]	715.4 	715.4 	0
12/10/2023 05:52:09	715.4 [lit]	715.4 	715.4 	0
12/10/2023 05:54:10	715.4 [lit]	715.4 	715.4 	0
12/10/2023 05:56:10	715.4 [lit]	715.4 	715.4 	0
12/10/2023 05:58:10	715.4 [lit]	715.4 	715.4 	0
12/10/2023 06:00:10	715.4 [lit]	715.4 	715.4 	0
12/10/2023 06:02:11	715.4 [lit]	715.4 	715.4 	0
12/10/2023 06:04:11	715.4 [lit]	715.4 	715.4 	0
12/10/2023 06:06:11	715.4 [lit]	715.4 	715.4 	0
12/10/2023 06:08:11	715.4 [lit]	715.4 	715.4 	0
12/10/2023 06:10:13	715.4 [lit]	715.4 	715.4 	0
12/10/2023 06:12:12	715.4 [lit]	715.4 	715.4 	0
12/10/2023 06:14:14	715.4 [lit]	715.4 	715.4 	0
12/10/2023 06:16:14	715.4 [lit]	715.4 	715.4 	0
12/10/2023 06:18:14	715.4 [lit]	715.4 	715.4 	0
12/10/2023 06:20:15	715.4 [lit]	715.4 	715.4 	0
12/10/2023 06:22:15	715.4 [lit]	715.4 	715.4 	0
12/10/2023 06:24:15	715.4 [lit]	715.4 	715.4 	0
12/10/2023 06:26:15	715.4 [lit]	715.4 	715.4 	0
12/10/2023 06:28:16	715.4 [lit]	715.4 	715.4 	0
12/10/2023 06:30:16	715.4 [lit]	715.4 	715.4 	0
12/10/2023 06:32:16	715.4 [lit]	715.4 	715.4 	0
12/10/2023 06:34:16	715.4 [lit]	715.4 	715.4 	0
12/10/2023 06:36:17	715.4 [lit]	715.4 	715.4 	0
12/10/2023 06:38:17	715.4 [lit]	715.4 	715.4 	0
12/10/2023 06:40:17	715.4 [lit]	715.4 	715.4 	0
12/10/2023 06:42:18	715.4 [lit]	715.4 	715.4 	0
12/10/2023 06:44:19	715.4 [lit]	715.4 	715.4 	0
12/10/2023 06:46:19	715.4 [lit]	715.4 	715.4 	0
12/10/2023 06:48:19	715.4 [lit]	715.4 	715.4 	0
12/10/2023 06:50:19	715.4 [lit]	715.4 	715.4 	0
12/10/2023 06:52:20	715.4 [lit]	715.4 	715.4 	0
12/10/2023 06:54:20	715.4 [lit]	715.4 	715.4 	0
12/10/2023 06:56:21	715.4 [lit]	715.4 	715.4 	0
12/10/2023 06:58:21	715.4 [lit]	715.4 	715.4 	0
12/10/2023 07:00:21	715.4 [lit]	715.4 	715.4 	0
12/10/2023 07:02:22	715.4 [lit]	715.4 	715.4 	0
12/10/2023 07:04:23	715.4 [lit]	715.4 	715.4 	0
12/10/2023 07:06:22	715.4 [lit]	715.4 	715.4 	0
12/10/2023 07:08:23	715.4 [lit]	715.4 	715.4 	0
12/10/2023 07:10:24	715.4 [lit]	715.4 	715.4 	0
12/10/2023 07:12:24	715.4 [lit]	715.4 	715.4 	0
12/10/2023 07:14:24	715.4 [lit]	715.4 	715.4 	0
12/10/2023 07:16:24	715.4 [lit]	715.4 	715.4 	0
12/10/2023 07:18:24	715.4 [lit]	715.4 	715.4 	0
12/10/2023 07:20:25	715.4 [lit]	715.4 	715.4 	0
12/10/2023 07:22:26	715.4 [lit]	715.4 	715.4 	0
12/10/2023 07:24:26	715.4 [lit]	715.4 	715.4 	0
12/10/2023 07:26:26	715.4 [lit]	715.4 	715.4 	0
12/10/2023 07:28:27	715.4 [lit]	715.4 	715.4 	0
12/10/2023 07:30:27	715.4 [lit]	715.4 	715.4 	0
12/10/2023 07:32:27	715.4 [lit]	715.4 	715.4 	0
12/10/2023 07:34:28	715.4 [lit]	715.4 	715.4 	0
12/10/2023 07:36:28	715.1 [lit]	715.1 	715.1 	-0.3
12/10/2023 07:38:29	715.1 [lit]	715.1 	715.1 	0
12/10/2023 07:40:29	715.1 [lit]	715.1 	715.1 	0
12/10/2023 07:42:29	715.1 [lit]	715.1 	715.1 	0
12/10/2023 07:44:30	715.1 [lit]	715.1 	715.1 	0
12/10/2023 07:46:30	715.1 [lit]	715.1 	715.1 	0
12/10/2023 07:48:31	715.1 [lit]	715.1 	715.1 	0
12/10/2023 07:50:31	715.1 [lit]	715.1 	715.1 	0
12/10/2023 07:52:31	715.1 [lit]	715.1 	715.1 	0
12/10/2023 07:54:31	715.1 [lit]	715.1 	715.1 	0
12/10/2023 07:56:32	715.1 [lit]	715.1 	715.1 	0
12/10/2023 07:58:32	715.1 [lit]	715.1 	715.1 	0
12/10/2023 08:00:32	715.1 [lit]	715.1 	715.1 	0
12/10/2023 08:02:40	715.1 [lit]	715.1 	715.1 	0
12/10/2023 08:04:33	715.1 [lit]	715.1 	715.1 	0
12/10/2023 08:06:33	715.1 [lit]	715.1 	715.1 	0
12/10/2023 08:08:34	715.1 [lit]	715.1 	715.1 	0
12/10/2023 08:10:34	715.1 [lit]	715.1 	715.1 	0
12/10/2023 08:12:34	715.1 [lit]	715.1 	715.1 	0
12/10/2023 08:14:35	715.1 [lit]	715.1 	715.1 	0
12/10/2023 08:16:35	715.1 [lit]	715.1 	715.1 	0
12/10/2023 08:18:35	715.1 [lit]	715.1 	715.1 	0
12/10/2023 08:20:36	715.1 [lit]	715.1 	715.1 	0
12/10/2023 08:22:37	715.1 [lit]	715.1 	715.1 	0
12/10/2023 08:24:37	715.1 [lit]	715.1 	715.1 	0
12/10/2023 08:26:38	715.1 [lit]	715.1 	715.1 	0
12/10/2023 08:28:37	715.1 [lit]	715.1 	715.1 	0
12/10/2023 08:30:38	715.1 [lit]	715.1 	715.1 	0
12/10/2023 08:32:53	715.1 [lit]	715.1 	715.1 	0
12/10/2023 08:34:39	715.1 [lit]	715.1 	715.1 	0
12/10/2023 08:36:39	715.1 [lit]	715.1 	715.1 	0
12/10/2023 08:38:40	715.1 [lit]	715.1 	715.1 	0
12/10/2023 08:40:40	715.1 [lit]	715.1 	715.1 	0
12/10/2023 08:42:40	715.1 [lit]	715.1 	715.1 	0
12/10/2023 08:44:41	715.1 [lit]	715.1 	715.1 	0
12/10/2023 08:46:42	715.1 [lit]	715.1 	715.1 	0
12/10/2023 08:48:41	715.1 [lit]	715.1 	715.1 	0
12/10/2023 08:50:42	715.1 [lit]	715.1 	715.1 	0
12/10/2023 08:52:42	715.1 [lit]	715.1 	715.1 	0
12/10/2023 08:54:43	715.1 [lit]	715.1 	715.1 	0
12/10/2023 08:56:43	714.8 [lit]	714.8 	714.8 	-0.3
12/10/2023 08:58:43	714.8 [lit]	714.8 	714.8 	0
12/10/2023 09:00:43	714.8 [lit]	714.8 	714.8 	0
12/10/2023 09:02:44	714.8 [lit]	714.8 	714.8 	0
12/10/2023 09:04:44	714.8 [lit]	714.8 	714.8 	0
12/10/2023 09:06:45	714.8 [lit]	714.8 	714.8 	0
12/10/2023 09:08:45	714.8 [lit]	714.8 	714.8 	0
12/10/2023 09:10:46	714.8 [lit]	714.8 	714.8 	0
12/10/2023 09:12:46	714.8 [lit]	714.8 	714.8 	0
12/10/2023 09:14:47	714.8 [lit]	714.8 	714.8 	0
12/10/2023 09:16:47	714.8 [lit]	714.8 	714.8 	0
12/10/2023 09:18:48	714.8 [lit]	714.8 	714.8 	0
12/10/2023 09:20:48	714.8 [lit]	714.8 	714.8 	0
12/10/2023 09:22:49	714.8 [lit]	714.8 	714.8 	0
12/10/2023 09:24:48	714.8 [lit]	714.8 	714.8 	0
12/10/2023 09:26:48	714.8 [lit]	714.8 	714.8 	0
12/10/2023 09:28:49	714.8 [lit]	714.8 	714.8 	0
12/10/2023 09:30:50	714.8 [lit]	714.8 	714.8 	0
12/10/2023 09:32:50	714.5 [lit]	714.5 	714.5 	-0.3
12/10/2023 09:34:50	714.5 [lit]	714.5 	714.5 	0
12/10/2023 09:36:51	714.5 [lit]	714.5 	714.5 	0
12/10/2023 09:38:50	714.5 [lit]	714.5 	714.5 	0
12/10/2023 09:40:52	714.5 [lit]	714.5 	714.5 	0
12/10/2023 09:42:53	714.5 [lit]	714.5 	714.5 	0
12/10/2023 09:44:52	714.5 [lit]	714.5 	714.5 	0
12/10/2023 09:46:54	714.5 [lit]	714.5 	714.5 	0
12/10/2023 09:48:53	714.5 [lit]	714.5 	714.5 	0
12/10/2023 09:50:54	714.5 [lit]	714.5 	714.5 	0
12/10/2023 09:52:54	714.5 [lit]	714.5 	714.5 	0
12/10/2023 09:56:55	714.5 [lit]	714.5 	714.5 	0
12/10/2023 09:58:55	714.5 [lit]	714.5 	714.5 	0
12/10/2023 10:00:56	714.5 [lit]	714.5 	714.5 	0
12/10/2023 10:02:57	714.5 [lit]	714.5 	714.5 	0
12/10/2023 10:04:57	714.5 [lit]	714.5 	714.5 	0
12/10/2023 10:06:57	714.5 [lit]	714.5 	714.5 	0
12/10/2023 10:08:57	714.5 [lit]	714.5 	714.5 	0
12/10/2023 10:10:58	714.5 [lit]	714.5 	714.5 	0
12/10/2023 10:12:57	714.5 [lit]	714.5 	714.5 	0
12/10/2023 10:14:59	714.5 [lit]	714.5 	714.5 	0
12/10/2023 10:17:00	714.5 [lit]	714.5 	714.5 	0
12/10/2023 10:18:59	714.5 [lit]	714.5 	714.5 	0
12/10/2023 10:21:00	714.5 [lit]	714.5 	714.5 	0
12/10/2023 10:23:01	714.5 [lit]	714.5 	714.5 	0
12/10/2023 10:25:00	714.5 [lit]	714.5 	714.5 	0
12/10/2023 10:27:02	714.5 [lit]	714.5 	714.5 	0
12/10/2023 10:29:01	714.5 [lit]	714.5 	714.5 	0
12/10/2023 10:31:01	714.5 [lit]	714.5 	714.5 	0
12/10/2023 10:33:02	714.5 [lit]	714.5 	714.5 	0
12/10/2023 10:35:03	714.5 [lit]	714.5 	714.5 	0
12/10/2023 10:37:03	714.5 [lit]	714.5 	714.5 	0
12/10/2023 10:39:04	714.5 [lit]	714.5 	714.5 	0
12/10/2023 10:41:05	714.5 [lit]	714.5 	714.5 	0
12/10/2023 10:43:04	714.5 [lit]	714.5 	714.5 	0
12/10/2023 10:45:05	714.5 [lit]	714.5 	714.5 	0
12/10/2023 10:47:05	714.5 [lit]	714.5 	714.5 	0
12/10/2023 10:49:06	714.5 [lit]	714.5 	714.5 	0
12/10/2023 10:51:06	714.5 [lit]	714.5 	714.5 	0
12/10/2023 10:53:06	714.5 [lit]	714.5 	714.5 	0
12/10/2023 10:55:11	714.5 [lit]	714.5 	714.5 	0
12/10/2023 10:57:08	714.5 [lit]	714.5 	714.5 	0
12/10/2023 10:59:08	714.5 [lit]	714.5 	714.5 	0
12/10/2023 11:01:08	714.5 [lit]	714.5 	714.5 	0
12/10/2023 11:03:10	714.5 [lit]	714.5 	714.5 	0
12/10/2023 11:07:10	714.5 [lit]	714.5 	714.5 	0
12/10/2023 11:09:11	714.5 [lit]	714.5 	714.5 	0
12/10/2023 11:11:10	714.5 [lit]	714.5 	714.5 	0
12/10/2023 11:13:10	714.5 [lit]	714.5 	714.5 	0
12/10/2023 11:15:11	714.5 [lit]	714.5 	714.5 	0
12/10/2023 11:17:13	714.5 [lit]	714.5 	714.5 	0
12/10/2023 11:19:12	714.2 [lit]	714.2 	714.2 	-0.3
12/10/2023 11:21:12	714.2 [lit]	714.2 	714.2 	0
12/10/2023 11:23:13	714.2 [lit]	714.2 	714.2 	0
12/10/2023 11:25:14	714.2 [lit]	714.2 	714.2 	0
12/10/2023 11:27:14	714.2 [lit]	714.2 	714.2 	0
12/10/2023 11:29:14	714.2 [lit]	714.2 	714.2 	0
12/10/2023 11:31:15	714.2 [lit]	714.2 	714.2 	0
12/10/2023 11:33:14	714.2 [lit]	714.2 	714.2 	0
12/10/2023 11:35:16	714.2 [lit]	714.2 	714.2 	0
12/10/2023 11:37:16	714.2 [lit]	714.2 	714.2 	0
12/10/2023 11:39:16	714.2 [lit]	714.2 	714.2 	0
12/10/2023 11:41:17	714.2 [lit]	714.2 	714.2 	0
12/10/2023 11:43:18	714.2 [lit]	714.2 	714.2 	0
12/10/2023 11:45:18	714.2 [lit]	714.2 	714.2 	0
12/10/2023 11:47:18	714.2 [lit]	714.2 	714.2 	0
12/10/2023 11:49:18	714.2 [lit]	714.2 	714.2 	0
12/10/2023 11:51:19	714.2 [lit]	714.2 	714.2 	0
12/10/2023 11:53:19	714.2 [lit]	714.2 	714.2 	0
12/10/2023 11:55:20	714.2 [lit]	714.2 	714.2 	0
12/10/2023 11:57:21	714.2 [lit]	714.2 	714.2 	0
12/10/2023 11:59:21	713.9 [lit]	713.9 	713.9 	-0.3
12/10/2023 12:01:22	713.9 [lit]	713.9 	713.9 	0
12/10/2023 12:03:22	713.9 [lit]	713.9 	713.9 	0
12/10/2023 12:05:22	713.9 [lit]	713.9 	713.9 	0
12/10/2023 12:07:23	714.2 [lit]	714.2 	714.2 	0.3
12/10/2023 12:09:24	714.2 [lit]	714.2 	714.2 	0
12/10/2023 12:11:23	714.2 [lit]	714.2 	714.2 	0
12/10/2023 12:13:24	714.2 [lit]	714.2 	714.2 	0
12/10/2023 12:15:25	714.2 [lit]	714.2 	714.2 	0
12/10/2023 12:17:25	714.2 [lit]	714.2 	714.2 	0
12/10/2023 12:19:25	714.2 [lit]	714.2 	714.2 	0
12/10/2023 12:21:26	714.2 [lit]	714.2 	714.2 	0
12/10/2023 12:23:26	714.2 [lit]	714.2 	714.2 	0
12/10/2023 12:25:27	714.2 [lit]	714.2 	714.2 	0
12/10/2023 12:27:27	714.2 [lit]	714.2 	714.2 	0
12/10/2023 12:29:27	714.2 [lit]	714.2 	714.2 	0
12/10/2023 12:31:28	714.2 [lit]	714.2 	714.2 	0
12/10/2023 12:33:28	714.2 [lit]	714.2 	714.2 	0
12/10/2023 12:35:36	714.2 [lit]	714.2 	714.2 	0
12/10/2023 12:37:29	714.2 [lit]	714.2 	714.2 	0
12/10/2023 12:39:30	714.2 [lit]	714.2 	714.2 	0
12/10/2023 12:41:31	714.2 [lit]	714.2 	714.2 	0
12/10/2023 12:43:31	714.2 [lit]	714.2 	714.2 	0
12/10/2023 12:45:31	714.2 [lit]	714.2 	714.2 	0
12/10/2023 12:47:31	714.2 [lit]	714.2 	714.2 	0
12/10/2023 12:49:32	714.2 [lit]	714.2 	714.2 	0
12/10/2023 12:51:32	714.2 [lit]	714.2 	714.2 	0
12/10/2023 12:53:33	714.2 [lit]	714.2 	714.2 	0
12/10/2023 12:55:33	714.2 [lit]	714.2 	714.2 	0
12/10/2023 12:57:34	714.2 [lit]	714.2 	714.2 	0
12/10/2023 12:59:34	714.2 [lit]	714.2 	714.2 	0
12/10/2023 13:01:35	714.5 [lit]	714.5 	714.5 	0.3
12/10/2023 13:03:36	714.5 [lit]	714.5 	714.5 	0
12/10/2023 13:05:39	714.5 [lit]	714.5 	714.5 	0
12/10/2023 13:07:36	714.5 [lit]	714.5 	714.5 	0
12/10/2023 13:09:37	714.5 [lit]	714.5 	714.5 	0
12/10/2023 13:11:39	714.5 [lit]	714.5 	714.5 	0
12/10/2023 13:13:38	714.5 [lit]	714.5 	714.5 	0
12/10/2023 13:15:38	714.5 [lit]	714.5 	714.5 	0
12/10/2023 13:19:39	714.5 [lit]	714.5 	714.5 	0
12/10/2023 13:21:40	714.5 [lit]	714.5 	714.5 	0
12/10/2023 13:23:42	714.5 [lit]	714.5 	714.5 	0
12/10/2023 13:25:40	714.5 [lit]	714.5 	714.5 	0
12/10/2023 13:27:41	714.5 [lit]	714.5 	714.5 	0
12/10/2023 13:29:41	714.5 [lit]	714.5 	714.5 	0
12/10/2023 13:31:41	714.5 [lit]	714.5 	714.5 	0
12/10/2023 13:33:43	714.5 [lit]	714.5 	714.5 	0
12/10/2023 13:35:52	714.5 [lit]	714.5 	714.5 	0
12/10/2023 13:37:43	714.5 [lit]	714.5 	714.5 	0
12/10/2023 13:39:44	714.5 [lit]	714.5 	714.5 	0
12/10/2023 13:41:44	714.5 [lit]	714.5 	714.5 	0
12/10/2023 13:43:45	714.5 [lit]	714.5 	714.5 	0
12/10/2023 13:45:46	714.5 [lit]	714.5 	714.5 	0
12/10/2023 13:47:45	714.5 [lit]	714.5 	714.5 	0
12/10/2023 13:49:46	714.5 [lit]	714.5 	714.5 	0
12/10/2023 13:51:47	714.5 [lit]	714.5 	714.5 	0
12/10/2023 13:53:47	714.5 [lit]	714.5 	714.5 	0
12/10/2023 13:55:48	714.5 [lit]	714.5 	714.5 	0
12/10/2023 13:57:48	714.5 [lit]	714.5 	714.5 	0
12/10/2023 13:59:48	714.5 [lit]	714.5 	714.5 	0
12/10/2023 14:01:50	714.5 [lit]	714.5 	714.5 	0
12/10/2023 14:03:49	714.5 [lit]	714.5 	714.5 	0
12/10/2023 14:06:01	714.5 [lit]	714.5 	714.5 	0
12/10/2023 14:07:50	714.5 [lit]	714.5 	714.5 	0
12/10/2023 14:09:50	714.5 [lit]	714.5 	714.5 	0
12/10/2023 14:11:50	714.5 [lit]	714.5 	714.5 	0
12/10/2023 14:13:51	714.5 [lit]	714.5 	714.5 	0
12/10/2023 14:15:51	714.5 [lit]	714.5 	714.5 	0
12/10/2023 14:17:54	714.5 [lit]	714.5 	714.5 	0
12/10/2023 14:19:52	714.5 [lit]	714.5 	714.5 	0
12/10/2023 14:21:52	714.5 [lit]	714.5 	714.5 	0
12/10/2023 14:25:54	714.5 [lit]	714.5 	714.5 	0
12/10/2023 14:27:54	714.5 [lit]	714.5 	714.5 	0
12/10/2023 14:29:54	714.5 [lit]	714.5 	714.5 	0
12/10/2023 14:31:55	714.5 [lit]	714.5 	714.5 	0
12/10/2023 14:33:56	714.5 [lit]	714.5 	714.5 	0
12/10/2023 14:36:07	714.5 [lit]	714.5 	714.5 	0
12/10/2023 14:37:57	714.5 [lit]	714.5 	714.5 	0
12/10/2023 14:39:56	714.5 [lit]	714.5 	714.5 	0
12/10/2023 14:41:57	714.5 [lit]	714.5 	714.5 	0
12/10/2023 14:43:58	714.2 [lit]	714.2 	714.2 	-0.3
12/10/2023 14:45:58	714.2 [lit]	714.2 	714.2 	0
12/10/2023 14:47:59	714.5 [lit]	714.5 	714.5 	0.3
12/10/2023 14:50:01	714.2 [lit]	714.2 	714.2 	-0.3
12/10/2023 14:52:00	714.2 [lit]	714.2 	714.2 	0
12/10/2023 14:54:00	714.2 [lit]	714.2 	714.2 	0
12/10/2023 14:56:01	714.2 [lit]	714.2 	714.2 	0
12/10/2023 14:58:01	714.2 [lit]	714.2 	714.2 	0
12/10/2023 15:00:02	714.2 [lit]	714.2 	714.2 	0
12/10/2023 15:02:02	714.2 [lit]	714.2 	714.2 	0
12/10/2023 15:04:02	714.2 [lit]	714.2 	714.2 	0
12/10/2023 15:06:19	714.2 [lit]	714.2 	714.2 	0
12/10/2023 15:08:09	714.2 [lit]	714.2 	714.2 	0
12/10/2023 15:10:03	714.2 [lit]	714.2 	714.2 	0
12/10/2023 15:12:04	714.2 [lit]	714.2 	714.2 	0
12/10/2023 15:14:04	714.2 [lit]	714.2 	714.2 	0
12/10/2023 15:16:05	714.2 [lit]	714.2 	714.2 	0
12/10/2023 15:18:05	714.2 [lit]	714.2 	714.2 	0
12/10/2023 15:20:06	714.2 [lit]	714.2 	714.2 	0
12/10/2023 15:22:06	714.2 [lit]	714.2 	714.2 	0
12/10/2023 15:24:07	714.2 [lit]	714.2 	714.2 	0
12/10/2023 15:26:07	714.2 [lit]	714.2 	714.2 	0
12/10/2023 15:28:08	714.2 [lit]	714.2 	714.2 	0
12/10/2023 15:30:08	714.2 [lit]	714.2 	714.2 	0
12/10/2023 15:32:09	714.2 [lit]	714.2 	714.2 	0
12/10/2023 15:34:11	714.2 [lit]	714.2 	714.2 	0
12/10/2023 15:36:26	714.2 [lit]	714.2 	714.2 	0
12/10/2023 15:38:10	714.2 [lit]	714.2 	714.2 	0
12/10/2023 15:40:10	714.2 [lit]	714.2 	714.2 	0
12/10/2023 15:42:11	714.2 [lit]	714.2 	714.2 	0
12/10/2023 15:44:12	738.1 [lit]	738.1 	738.1 	23.9
12/10/2023 15:46:11	827.1 [lit]	827.1 	827.1 	89
12/10/2023 15:48:13	900.4 [lit]	900.4 	900.4 	73.3
12/10/2023 15:50:19	929.3 [lit]	929.3 	929.3 	28.9
12/10/2023 15:52:14	929.3 [lit]	929.3 	929.3 	0
12/10/2023 15:54:16	929.3 [lit]	929.3 	929.3 	0
12/10/2023 15:56:15	929.3 [lit]	929.3 	929.3 	0
12/10/2023 15:58:15	929.3 [lit]	929.3 	929.3 	0
12/10/2023 16:00:15	929.3 [lit]	929.3 	929.3 	0
12/10/2023 16:02:16	929.3 [lit]	929.3 	929.3 	0
12/10/2023 16:04:16	929.3 [lit]	929.3 	929.3 	0
12/10/2023 16:06:16	929.3 [lit]	929.3 	929.3 	0
12/10/2023 16:08:21	929.3 [lit]	929.3 	929.3 	0
12/10/2023 16:10:18	929.3 [lit]	929.3 	929.3 	0
12/10/2023 16:12:18	929.3 [lit]	929.3 	929.3 	0
12/10/2023 16:14:18	929.3 [lit]	929.3 	929.3 	0
12/10/2023 16:16:19	929.3 [lit]	929.3 	929.3 	0
12/10/2023 16:18:19	929.3 [lit]	929.3 	929.3 	0
12/10/2023 16:20:19	929.3 [lit]	929.3 	929.3 	0
12/10/2023 16:22:21	929.3 [lit]	929.3 	929.3 	0
12/10/2023 16:24:21	929.3 [lit]	929.3 	929.3 	0
12/10/2023 16:26:21	929.3 [lit]	929.3 	929.3 	0
12/10/2023 16:28:21	929.3 [lit]	929.3 	929.3 	0
12/10/2023 16:30:22	929.3 [lit]	929.3 	929.3 	0
12/10/2023 16:32:27	929.3 [lit]	929.3 	929.3 	0
12/10/2023 16:34:23	929.3 [lit]	929.3 	929.3 	0
12/10/2023 16:36:41	929.3 [lit]	929.3 	929.3 	0
12/10/2023 16:38:24	929.3 [lit]	929.3 	929.3 	0
12/10/2023 16:40:25	929.3 [lit]	929.3 	929.3 	0
12/10/2023 16:42:25	929.3 [lit]	929.3 	929.3 	0
12/10/2023 16:44:26	929.3 [lit]	929.3 	929.3 	0
12/10/2023 16:46:26	929.3 [lit]	929.3 	929.3 	0
12/10/2023 16:48:26	929.3 [lit]	929.3 	929.3 	0
12/10/2023 16:50:27	929.3 [lit]	929.3 	929.3 	0
12/10/2023 16:52:28	929.3 [lit]	929.3 	929.3 	0
12/10/2023 16:54:28	929.3 [lit]	929.3 	929.3 	0
12/10/2023 16:56:29	929.3 [lit]	929.3 	929.3 	0
12/10/2023 16:58:29	929.3 [lit]	929.3 	929.3 	0
12/10/2023 17:00:30	929.3 [lit]	929.3 	929.3 	0
12/10/2023 17:02:30	929.3 [lit]	929.3 	929.3 	0
12/10/2023 17:04:30	929.3 [lit]	929.3 	929.3 	0
12/10/2023 17:06:31	929.3 [lit]	929.3 	929.3 	0
12/10/2023 17:08:31	929.3 [lit]	929.3 	929.3 	0
12/10/2023 17:10:32	929.3 [lit]	929.3 	929.3 	0
12/10/2023 17:12:32	929.3 [lit]	929.3 	929.3 	0
12/10/2023 17:14:33	929.3 [lit]	929.3 	929.3 	0
12/10/2023 17:16:33	929.3 [lit]	929.3 	929.3 	0
12/10/2023 17:18:34	929.3 [lit]	929.3 	929.3 	0
12/10/2023 17:20:35	929.3 [lit]	929.3 	929.3 	0
12/10/2023 17:22:35	929.3 [lit]	929.3 	929.3 	0
12/10/2023 17:24:35	929.3 [lit]	929.3 	929.3 	0
12/10/2023 17:26:36	929.3 [lit]	929.3 	929.3 	0
12/10/2023 17:28:37	929.3 [lit]	929.3 	929.3 	0
12/10/2023 17:30:37	929.3 [lit]	929.3 	929.3 	0
12/10/2023 17:32:36	929.3 [lit]	929.3 	929.3 	0
12/10/2023 17:34:37	929.3 [lit]	929.3 	929.3 	0
12/10/2023 17:36:38	929.3 [lit]	929.3 	929.3 	0
12/10/2023 17:38:38	929.3 [lit]	929.3 	929.3 	0
12/10/2023 17:40:39	929.3 [lit]	929.3 	929.3 	0
12/10/2023 17:42:40	929.3 [lit]	929.3 	929.3 	0
12/10/2023 17:44:40	929.3 [lit]	929.3 	929.3 	0
12/10/2023 17:46:41	929.3 [lit]	929.3 	929.3 	0
12/10/2023 17:48:41	929.3 [lit]	929.3 	929.3 	0
12/10/2023 17:50:41	929.3 [lit]	929.3 	929.3 	0
12/10/2023 17:52:41	929.3 [lit]	929.3 	929.3 	0
12/10/2023 17:54:42	929.3 [lit]	929.3 	929.3 	0
12/10/2023 17:56:43	929.3 [lit]	929.3 	929.3 	0
12/10/2023 17:58:43	929.3 [lit]	929.3 	929.3 	0
12/10/2023 18:00:44	929.3 [lit]	929.3 	929.3 	0
12/10/2023 18:02:43	929.3 [lit]	929.3 	929.3 	0
12/10/2023 18:04:44	929.3 [lit]	929.3 	929.3 	0
12/10/2023 18:06:44	929.3 [lit]	929.3 	929.3 	0
12/10/2023 18:08:45	929.3 [lit]	929.3 	929.3 	0
12/10/2023 18:10:45	929.3 [lit]	929.3 	929.3 	0
12/10/2023 18:12:47	929.3 [lit]	929.3 	929.3 	0
12/10/2023 18:14:47	929.3 [lit]	929.3 	929.3 	0
12/10/2023 18:16:47	929.3 [lit]	929.3 	929.3 	0
12/10/2023 18:18:47	929.3 [lit]	929.3 	929.3 	0
12/10/2023 18:20:48	929.3 [lit]	929.3 	929.3 	0
12/10/2023 18:22:48	929.3 [lit]	929.3 	929.3 	0
12/10/2023 18:24:49	929.3 [lit]	929.3 	929.3 	0
12/10/2023 18:26:49	929.3 [lit]	929.3 	929.3 	0
12/10/2023 18:28:49	929.3 [lit]	929.3 	929.3 	0
12/10/2023 18:30:50	929.3 [lit]	929.3 	929.3 	0
12/10/2023 18:32:51	929.3 [lit]	929.3 	929.3 	0
12/10/2023 18:34:51	929.3 [lit]	929.3 	929.3 	0
12/10/2023 18:36:52	929.3 [lit]	929.3 	929.3 	0
12/10/2023 18:39:04	929.3 [lit]	929.3 	929.3 	0
12/10/2023 18:40:53	929.3 [lit]	929.3 	929.3 	0
12/10/2023 18:42:53	929.3 [lit]	929.3 	929.3 	0
12/10/2023 18:44:53	929.3 [lit]	929.3 	929.3 	0
12/10/2023 18:46:53	929.3 [lit]	929.3 	929.3 	0
12/10/2023 18:48:55	929.3 [lit]	929.3 	929.3 	0
12/10/2023 18:50:55	929.3 [lit]	929.3 	929.3 	0
12/10/2023 18:52:55	929.3 [lit]	929.3 	929.3 	0
12/10/2023 18:54:56	929.3 [lit]	929.3 	929.3 	0
12/10/2023 18:56:56	929.3 [lit]	929.3 	929.3 	0
12/10/2023 18:58:56	929.3 [lit]	929.3 	929.3 	0
12/10/2023 19:00:57	929.3 [lit]	929.3 	929.3 	0
12/10/2023 19:02:57	929.3 [lit]	929.3 	929.3 	0
12/10/2023 19:05:15	929.3 [lit]	929.3 	929.3 	0
12/10/2023 19:06:58	929.3 [lit]	929.3 	929.3 	0
12/10/2023 19:08:59	929.3 [lit]	929.3 	929.3 	0
12/10/2023 19:10:59	929.3 [lit]	929.3 	929.3 	0
12/10/2023 19:13:00	929.3 [lit]	929.3 	929.3 	0
12/10/2023 19:15:00	929.3 [lit]	929.3 	929.3 	0
12/10/2023 19:17:01	929.3 [lit]	929.3 	929.3 	0
12/10/2023 19:19:01	929.3 [lit]	929.3 	929.3 	0
12/10/2023 19:21:02	929.3 [lit]	929.3 	929.3 	0
12/10/2023 19:23:02	929.3 [lit]	929.3 	929.3 	0
12/10/2023 19:25:02	929.3 [lit]	929.3 	929.3 	0
12/10/2023 19:27:03	929.3 [lit]	929.3 	929.3 	0
12/10/2023 19:29:03	929.3 [lit]	929.3 	929.3 	0
12/10/2023 19:31:03	929.3 [lit]	929.3 	929.3 	0
12/10/2023 19:33:06	929.3 [lit]	929.3 	929.3 	0
12/10/2023 19:35:04	929.3 [lit]	929.3 	929.3 	0
12/10/2023 19:37:04	929.3 [lit]	929.3 	929.3 	0
12/10/2023 19:39:05	929.3 [lit]	929.3 	929.3 	0
12/10/2023 19:41:05	929.3 [lit]	929.3 	929.3 	0
12/10/2023 19:43:06	929.3 [lit]	929.3 	929.3 	0
12/10/2023 19:45:08	929.3 [lit]	929.3 	929.3 	0
12/10/2023 19:47:08	929.3 [lit]	929.3 	929.3 	0
12/10/2023 19:49:07	929.3 [lit]	929.3 	929.3 	0
12/10/2023 19:51:08	929.3 [lit]	929.3 	929.3 	0
12/10/2023 19:53:08	929.3 [lit]	929.3 	929.3 	0
12/10/2023 19:55:08	929.3 [lit]	929.3 	929.3 	0
12/10/2023 19:57:10	929.3 [lit]	929.3 	929.3 	0
12/10/2023 19:59:09	929.3 [lit]	929.3 	929.3 	0
12/10/2023 20:01:10	929.3 [lit]	929.3 	929.3 	0
12/10/2023 20:03:10	929.3 [lit]	929.3 	929.3 	0
12/10/2023 20:05:12	929.3 [lit]	929.3 	929.3 	0
12/10/2023 20:07:13	929.3 [lit]	929.3 	929.3 	0
12/10/2023 20:09:12	929.3 [lit]	929.3 	929.3 	0
12/10/2023 20:11:14	929.3 [lit]	929.3 	929.3 	0
12/10/2023 20:13:14	929.3 [lit]	929.3 	929.3 	0
12/10/2023 20:15:15	929.3 [lit]	929.3 	929.3 	0
12/10/2023 20:17:15	929.3 [lit]	929.3 	929.3 	0
12/10/2023 20:19:14	929.3 [lit]	929.3 	929.3 	0
12/10/2023 20:21:15	929.3 [lit]	929.3 	929.3 	0
12/10/2023 20:23:16	929.3 [lit]	929.3 	929.3 	0
12/10/2023 20:25:17	929.3 [lit]	929.3 	929.3 	0
12/10/2023 20:27:16	929.3 [lit]	929.3 	929.3 	0
12/10/2023 20:29:17	929.3 [lit]	929.3 	929.3 	0
12/10/2023 20:31:17	929.3 [lit]	929.3 	929.3 	0
12/10/2023 20:33:19	929.3 [lit]	929.3 	929.3 	0
12/10/2023 20:35:18	929.3 [lit]	929.3 	929.3 	0
12/10/2023 20:37:19	929.3 [lit]	929.3 	929.3 	0
12/10/2023 20:39:20	929.3 [lit]	929.3 	929.3 	0
12/10/2023 20:41:19	929.3 [lit]	929.3 	929.3 	0
12/10/2023 20:43:20	929.3 [lit]	929.3 	929.3 	0
12/10/2023 20:45:20	929.3 [lit]	929.3 	929.3 	0
12/10/2023 20:47:22	929.3 [lit]	929.3 	929.3 	0
12/10/2023 20:49:21	929.3 [lit]	929.3 	929.3 	0
12/10/2023 20:51:22	929.3 [lit]	929.3 	929.3 	0
12/10/2023 20:53:23	929.3 [lit]	929.3 	929.3 	0
12/10/2023 20:55:23	929.3 [lit]	929.3 	929.3 	0
12/10/2023 20:57:24	929.3 [lit]	929.3 	929.3 	0
12/10/2023 20:59:24	929.3 [lit]	929.3 	929.3 	0
12/10/2023 21:01:24	929.3 [lit]	929.3 	929.3 	0
12/10/2023 21:03:25	929.3 [lit]	929.3 	929.3 	0
12/10/2023 21:05:26	929.3 [lit]	929.3 	929.3 	0
12/10/2023 21:07:26	929.3 [lit]	929.3 	929.3 	0
12/10/2023 21:09:36	929.3 [lit]	929.3 	929.3 	0
12/10/2023 21:11:26	929 [lit]	929 	929 	-0.3
12/10/2023 21:13:27	929 [lit]	929 	929 	0
12/10/2023 21:15:27	928.7 [lit]	928.7 	928.7 	-0.3
12/10/2023 21:17:28	928.7 [lit]	928.7 	928.7 	0
12/10/2023 21:19:29	928.4 [lit]	928.4 	928.4 	-0.3
12/10/2023 21:21:28	928.4 [lit]	928.4 	928.4 	0
12/10/2023 21:23:30	928.1 [lit]	928.1 	928.1 	-0.3
12/10/2023 21:25:29	928.1 [lit]	928.1 	928.1 	0
12/10/2023 21:27:30	927.8 [lit]	927.8 	927.8 	-0.3
12/10/2023 21:29:31	928.7 [lit]	928.7 	928.7 	0.9
12/10/2023 21:31:28	928.4 [lit]	928.4 	928.4 	-0.3
12/10/2023 21:33:29	928.4 [lit]	928.4 	928.4 	0
12/10/2023 21:35:29	928.1 [lit]	928.1 	928.1 	-0.3
12/10/2023 21:37:30	927.8 [lit]	927.8 	927.8 	-0.3
12/10/2023 21:39:30	927.8 [lit]	927.8 	927.8 	0
12/10/2023 21:41:30	927.5 [lit]	927.5 	927.5 	-0.3
12/10/2023 21:43:31	927.5 [lit]	927.5 	927.5 	0
12/10/2023 21:45:31	927.1 [lit]	927.1 	927.1 	-0.4
12/10/2023 21:47:32	927.1 [lit]	927.1 	927.1 	0
12/10/2023 21:49:32	927.1 [lit]	927.1 	927.1 	0
12/10/2023 21:51:33	926.8 [lit]	926.8 	926.8 	-0.3
12/10/2023 21:53:33	926.8 [lit]	926.8 	926.8 	0
12/10/2023 21:55:34	926.5 [lit]	926.5 	926.5 	-0.3
12/10/2023 21:57:34	926.5 [lit]	926.5 	926.5 	0
12/10/2023 22:01:35	926.2 [lit]	926.2 	926.2 	-0.3
12/10/2023 22:03:35	926.2 [lit]	926.2 	926.2 	0
12/10/2023 22:05:36	924.1 [lit]	924.1 	924.1 	-2.1
12/10/2023 22:07:36	923.8 [lit]	923.8 	923.8 	-0.3
12/10/2023 22:09:37	924.1 [lit]	924.1 	924.1 	0.3
12/10/2023 22:11:37	924.4 [lit]	924.4 	924.4 	0.3
12/10/2023 22:13:38	924.4 [lit]	924.4 	924.4 	0
12/10/2023 22:15:38	924.4 [lit]	924.4 	924.4 	0
12/10/2023 22:17:39	924.7 [lit]	924.7 	924.7 	0.3
12/10/2023 22:19:39	924.7 [lit]	924.7 	924.7 	0
12/10/2023 22:21:39	924.7 [lit]	924.7 	924.7 	0
12/10/2023 22:23:40	924.7 [lit]	924.7 	924.7 	0
12/10/2023 22:25:40	924.7 [lit]	924.7 	924.7 	0
12/10/2023 22:27:41	924.7 [lit]	924.7 	924.7 	0
12/10/2023 22:29:41	924.7 [lit]	924.7 	924.7 	0
12/10/2023 22:31:42	924.7 [lit]	924.7 	924.7 	0
12/10/2023 22:33:42	924.7 [lit]	924.7 	924.7 	0
12/10/2023 22:35:42	924.7 [lit]	924.7 	924.7 	0
12/10/2023 22:37:43	924.7 [lit]	924.7 	924.7 	0
12/10/2023 22:39:43	924.7 [lit]	924.7 	924.7 	0
12/10/2023 22:41:44	924.7 [lit]	924.7 	924.7 	0
12/10/2023 22:43:44	924.7 [lit]	924.7 	924.7 	0
12/10/2023 22:45:44	924.7 [lit]	924.7 	924.7 	0
12/10/2023 22:47:45	924.7 [lit]	924.7 	924.7 	0
12/10/2023 22:49:45	924.7 [lit]	924.7 	924.7 	0
12/10/2023 22:51:46	924.7 [lit]	924.7 	924.7 	0
12/10/2023 22:53:46	924.7 [lit]	924.7 	924.7 	0
12/10/2023 22:55:47	924.7 [lit]	924.7 	924.7 	0
12/10/2023 22:57:47	924.7 [lit]	924.7 	924.7 	0
12/10/2023 22:59:47	924.7 [lit]	924.7 	924.7 	0
12/10/2023 23:01:48	924.1 [lit]	924.1 	924.1 	-0.6
12/10/2023 23:03:48	924.1 [lit]	924.1 	924.1 	0
12/10/2023 23:05:49	924.1 [lit]	924.1 	924.1 	0
12/10/2023 23:07:49	923.8 [lit]	923.8 	923.8 	-0.3
12/10/2023 23:11:50	923.8 [lit]	923.8 	923.8 	0
12/10/2023 23:13:50	923.8 [lit]	923.8 	923.8 	0
12/10/2023 23:15:51	923.8 [lit]	923.8 	923.8 	0
12/10/2023 23:17:51	923.8 [lit]	923.8 	923.8 	0
12/10/2023 23:19:52	923.8 [lit]	923.8 	923.8 	0
12/10/2023 23:21:52	923.8 [lit]	923.8 	923.8 	0
12/10/2023 23:23:52	923.8 [lit]	923.8 	923.8 	0
12/10/2023 23:25:53	923.8 [lit]	923.8 	923.8 	0
12/10/2023 23:27:53	923.8 [lit]	923.8 	923.8 	0
12/10/2023 23:29:54	923.8 [lit]	923.8 	923.8 	0
12/10/2023 23:31:54	923.8 [lit]	923.8 	923.8 	0
12/10/2023 23:33:55	923.8 [lit]	923.8 	923.8 	0
12/10/2023 23:35:55	923.8 [lit]	923.8 	923.8 	0
12/10/2023 23:37:55	923.8 [lit]	923.8 	923.8 	0
12/10/2023 23:39:56	923.8 [lit]	923.8 	923.8 	0
12/10/2023 23:41:56	923.8 [lit]	923.8 	923.8 	0
12/10/2023 23:43:57	923.8 [lit]	923.8 	923.8 	0
12/10/2023 23:45:57	923.8 [lit]	923.8 	923.8 	0
12/10/2023 23:47:57	923.8 [lit]	923.8 	923.8 	0
12/10/2023 23:49:58	923.8 [lit]	923.8 	923.8 	0
12/10/2023 23:51:58	923.8 [lit]	923.8 	923.8 	0
12/10/2023 23:53:59	923.8 [lit]	923.8 	923.8 	0
12/10/2023 23:55:59	923.8 [lit]	923.8 	923.8 	0
12/10/2023 23:57:59	923.8 [lit]	923.8 	923.8 	0
		#VALUE!	#VALUE!	#VALUE!
		#VALUE!	#VALUE!	#VALUE!
		#VALUE!	#VALUE!	#VALUE!
		#VALUE!	#VALUE!	#VALUE!
		#VALUE!	#VALUE!	#VALUE!
		#VALUE!	#VALUE!	#VALUE!
		#VALUE!	#VALUE!	#VALUE!
		#VALUE!	#VALUE!	#VALUE!
		#VALUE!	#VALUE!	#VALUE!
		#VALUE!	#VALUE!	#VALUE!
		#VALUE!	#VALUE!	#VALUE!
		#VALUE!	#VALUE!	#VALUE!
		#VALUE!	#VALUE!	#VALUE!
		#VALUE!	#VALUE!	#VALUE!
		#VALUE!	#VALUE!	#VALUE!
		#VALUE!	#VALUE!	#VALUE!
		#VALUE!	#VALUE!	#VALUE!
		#VALUE!	#VALUE!	#VALUE!
		#VALUE!	#VALUE!	#VALUE!
		#VALUE!	#VALUE!	#VALUE!
		#VALUE!	#VALUE!	#VALUE!
		#VALUE!	#VALUE!	#VALUE!
		#VALUE!	#VALUE!	#VALUE!
		#VALUE!	#VALUE!	#VALUE!
		#VALUE!	#VALUE!	#VALUE!
		#VALUE!	#VALUE!	#VALUE!
		#VALUE!	#VALUE!	#VALUE!
		#VALUE!	#VALUE!	#VALUE!
		#VALUE!	#VALUE!	#VALUE!
		#VALUE!	#VALUE!	#VALUE!
		#VALUE!	#VALUE!	#VALUE!
		#VALUE!	#VALUE!	#VALUE!
		#VALUE!	#VALUE!	#VALUE!
		#VALUE!	#VALUE!	#VALUE!
		#VALUE!	#VALUE!	#VALUE!
		#VALUE!	#VALUE!	#VALUE!
		#VALUE!	#VALUE!	#VALUE!
		#VALUE!	#VALUE!	#VALUE!
		#VALUE!	#VALUE!	#VALUE!
		#VALUE!	#VALUE!	#VALUE!
		#VALUE!	#VALUE!	#VALUE!
		#VALUE!	#VALUE!	#VALUE!
		#VALUE!	#VALUE!	#VALUE!
		#VALUE!	#VALUE!	#VALUE!
		#VALUE!	#VALUE!	#VALUE!
		#VALUE!	#VALUE!	#VALUE!
		#VALUE!	#VALUE!	#VALUE!
		#VALUE!	#VALUE!	#VALUE!
		#VALUE!	#VALUE!	#VALUE!
		#VALUE!	#VALUE!	#VALUE!
		#VALUE!	#VALUE!	#VALUE!
		#VALUE!	#VALUE!	#VALUE!
		#VALUE!	#VALUE!	#VALUE!
		#VALUE!	#VALUE!	#VALUE!
		#VALUE!	#VALUE!	#VALUE!
		#VALUE!	#VALUE!	#VALUE!
		#VALUE!	#VALUE!	#VALUE!
		#VALUE!	#VALUE!	#VALUE!
		#VALUE!	#VALUE!	#VALUE!
		#VALUE!	#VALUE!	#VALUE!
		#VALUE!	#VALUE!	#VALUE!
		#VALUE!	#VALUE!	#VALUE!
		#VALUE!	#VALUE!	#VALUE!
		#VALUE!	#VALUE!	#VALUE!
		#VALUE!	#VALUE!	#VALUE!
		#VALUE!	#VALUE!	#VALUE!
		#VALUE!	#VALUE!	#VALUE!
		#VALUE!	#VALUE!	#VALUE!
		#VALUE!	#VALUE!	#VALUE!
		#VALUE!	#VALUE!	#VALUE!
		#VALUE!	#VALUE!	#VALUE!
		#VALUE!	#VALUE!	#VALUE!
		#VALUE!	#VALUE!	#VALUE!
		#VALUE!	#VALUE!	#VALUE!
		#VALUE!	#VALUE!	#VALUE!
		#VALUE!	#VALUE!	#VALUE!
		#VALUE!	#VALUE!	#VALUE!
		#VALUE!	#VALUE!	#VALUE!
		#VALUE!	#VALUE!	#VALUE!
		#VALUE!	#VALUE!	#VALUE!
		#VALUE!	#VALUE!	#VALUE!
		#VALUE!	#VALUE!	#VALUE!
		#VALUE!	#VALUE!	#VALUE!
		#VALUE!	#VALUE!	#VALUE!
		#VALUE!	#VALUE!	#VALUE!
		#VALUE!	#VALUE!	#VALUE!
		#VALUE!	#VALUE!	#VALUE!
		#VALUE!	#VALUE!	#VALUE!
		#VALUE!	#VALUE!	#VALUE!
		#VALUE!	#VALUE!	#VALUE!
		#VALUE!	#VALUE!	#VALUE!
		#VALUE!	#VALUE!	#VALUE!
		#VALUE!	#VALUE!	#VALUE!
		#VALUE!	#VALUE!	#VALUE!
		#VALUE!	#VALUE!	#VALUE!
		#VALUE!	#VALUE!	#VALUE!
		#VALUE!	#VALUE!	#VALUE!
		#VALUE!	#VALUE!	#VALUE!
		#VALUE!	#VALUE!	#VALUE!
		#VALUE!	#VALUE!	#VALUE!
		#VALUE!	#VALUE!	#VALUE!
		#VALUE!	#VALUE!	#VALUE!
				
				
				
				
				
				
				
				
				
				
				
				
				
				
				
				
				
				
				
				
				
				
				
				
				
				
				
